inp	gt
བརྗུ	བརྗུ
ཁུལ	ཁུལ
ཏེམ	ཏེམ
བརྒྱེ	བརྒྱེ
ཨལ	ཨལ
བཟླི	བཟླི
རྙིང	རྙིང
དྲོ	དྲོ
ཐན	ཐན
ལྔུའ	ལྔུའ
རྩི	རྩི
ལྗུབ	ལྗུབ
བཀ	བཀ
རྐམ	རྐམ
ཁུང	ཁུང
དཔ	དཔ
ཀབ	ཀབ
ཡུམ	ཡུམ
ཤོང	ཤོང
ལྦུམ	ལྦུམ
མཁྱ	མཁྱ
ཉིན	ཉིན
རྗས	རྗས
ཤིའ	ཤིའ
སེར	སེར
ལྗེན	ལྗེན
ཀོང	ཀོང
ལྷུའ	ལྷུའ
ཤེད	ཤེད
མཚ	མཚ
ཇེལ	ཇེལ
བུལ	བུལ
ཟེང	ཟེང
ཅེང	ཅེང
ཝུས	ཝུས
ཐག	ཐག
ལྔན	ལྔན
པེད	པེད
བརྔོ	བརྔོ
ཅོང	ཅོང
དྭ	དྭ
ངུས	ངུས
བརྔུ	བརྔུ
རྐ	རྐ
གཙེ	གཙེ
འཕྲི	འཕྲི
རྫོབ	རྫོབ
དལ	དལ
ཆེན	ཆེན
རྔེར	རྔེར
ལྔབ	ལྔབ
བཀྲུ	བཀྲུ
པིར	པིར
ཨིམ	ཨིམ
ཁིར	ཁིར
ཀག	ཀག
རྣུར	རྣུར
རོང	རོང
མདོ	མདོ
ཨེམ	ཨེམ
ཅིན	ཅིན
གཏི	གཏི
པུབ	པུབ
རྡུར	རྡུར
ལྒས	ལྒས
མཆོ	མཆོ
རྟོལ	རྟོལ
རྒོར	རྒོར
ཁོད	ཁོད
མཁེ	མཁེ
ཆེར	ཆེར
ཁིན	ཁིན
མགྱི	མགྱི
སྲེ	སྲེ
ལྤང	ལྤང
མགྱུ	མགྱུ
ལྒུ	ལྒུ
མནི	མནི
གུད	གུད
ཚབ	ཚབ
ལྒིབ	ལྒིབ
དམྱོ	དམྱོ
འབྲེ	འབྲེ
བཟླེ	བཟླེ
ཡིལ	ཡིལ
ནང	ནང
ལྔུབ	ལྔུབ
རན	རན
རྟེད	རྟེད
ཕྲ	ཕྲ
སྒྲོ	སྒྲོ
བིར	བིར
དུབ	དུབ
བསྟུ	བསྟུ
སྨུ	སྨུ
གསུ	གསུ
ཨོག	ཨོག
ནིམ	ནིམ
ཀོད	ཀོད
ལྦིས	ལྦིས
རྗུས	རྗུས
རྨལ	རྨལ
རྐིར	རྐིར
དམི	དམི
བརྩེ	བརྩེ
ལྔུལ	ལྔུལ
རྣུལ	རྣུལ
ནག	ནག
འཁྲེ	འཁྲེ
ཀིབ	ཀིབ
སྩུ	སྩུ
གལ	གལ
བརྔ	བརྔ
རྡིམ	རྡིམ
གིས	གིས
བསྐྱ	བསྐྱ
ནུག	ནུག
ཐལ	ཐལ
བལྟི	བལྟི
བརྒ	བརྒ
དངོ	དངོ
དི	དི
ཤིས	ཤིས
ལྟའ	ལྟའ
ལྒེམ	ལྒེམ
བགུ	བགུ
རྙོག	རྙོག
འབུ	འབུ
སུར	སུར
རྟད	རྟད
ཆར	ཆར
རྒིལ	རྒིལ
མག	མག
ལུ	ལུ
རྫ	རྫ
ཡང	ཡང
ཛར	ཛར
ཀིན	ཀིན
བོག	བོག
རྗུན	རྗུན
འེས	འེས
འདོ	འདོ
སྤུ	སྤུ
ཡུའ	ཡུའ
བོམ	བོམ
གེད	གེད
ཧུས	ཧུས
ཕང	ཕང
ཅེ	ཅེ
ཁེག	ཁེག
ཛས	ཛས
རྩུག	རྩུག
རྨིད	རྨིད
སྩོ	སྩོ
སྨྱོ	སྨྱོ
ཁིང	ཁིང
མྱོ	མྱོ
ཆག	ཆག
རྟིར	རྟིར
ལྡེ	ལྡེ
ཏོག	ཏོག
རྨྱོ	རྨྱོ
རྩོད	རྩོད
ཁུའ	ཁུའ
རྣུག	རྣུག
ཏྲོ	ཏྲོ
ངེང	ངེང
ལྷམ	ལྷམ
ཛད	ཛད
རྨས	རྨས
དེད	དེད
རྩོབ	རྩོབ
ཆུས	ཆུས
ལྒིར	ལྒིར
འེའ	འེའ
བལ	བལ
ཚོར	ཚོར
ཧེར	ཧེར
འགེ	འགེ
ཛེར	ཛེར
བསྙོ	བསྙོ
ཕུད	ཕུད
བསྔོ	བསྔོ
ལྟམ	ལྟམ
རྩིལ	རྩིལ
བསྲུ	བསྲུ
རྒོ	རྒོ
ཁིས	ཁིས
མཉུ	མཉུ
བརྩི	བརྩི
དགྲ	དགྲ
ལུའ	ལུའ
གཉེ	གཉེ
ལྦབ	ལྦབ
འབ	འབ
ལྤིད	ལྤིད
རྟེའ	རྟེའ
ལྦུག	ལྦུག
རྔེག	རྔེག
ཚོམ	ཚོམ
ཀས	ཀས
ལྷིང	ལྷིང
རྟུན	རྟུན
རྩིད	རྩིད
ཁེལ	ཁེལ
ཙེང	ཙེང
དགྲེ	དགྲེ
སྣོ	སྣོ
བཤེ	བཤེ
ཧིལ	ཧིལ
ཀིག	ཀིག
ལྔེང	ལྔེང
ཚུ	ཚུ
ཛུད	ཛུད
རྙུའ	རྙུའ
ལྤིའ	ལྤིའ
ཅུམ	ཅུམ
འཕུ	འཕུ
འང	འང
བསྐི	བསྐི
ངའ	ངའ
ཏྲི	ཏྲི
གེན	གེན
ངོམ	ངོམ
ལྒུར	ལྒུར
རྩེད	རྩེད
རྨའ	རྨའ
བརྡོ	བརྡོ
ཡིད	ཡིད
ཕུན	ཕུན
བསྔ	བསྔ
ཙུའ	ཙུའ
རྡས	རྡས
ཤེན	ཤེན
ཐུབ	ཐུབ
བསྲོ	བསྲོ
རྔིག	རྔིག
ཡག	ཡག
རྡིབ	རྡིབ
བདེ	བདེ
ཛུའ	ཛུའ
ཐོར	ཐོར
ཟུ	ཟུ
པྱུ	པྱུ
མཛོ	མཛོ
ལྗད	ལྗད
ཏང	ཏང
ཐྲེ	ཐྲེ
རོག	རོག
གུང	གུང
ཞིག	ཞིག
མིའ	མིའ
རྟིད	རྟིད
བཏ	བཏ
བལྡ	བལྡ
ལྷང	ལྷང
རྩིང	རྩིང
བསྐྱེ	བསྐྱེ
དཔྲི	དཔྲི
ཤོད	ཤོད
ངེས	ངེས
འཚོ	འཚོ
གན	གན
པེག	པེག
འཇོ	འཇོ
ཙེམ	ཙེམ
རྩེན	རྩེན
རྒོའ	རྒོའ
འཐོ	འཐོ
ཤམ	ཤམ
ཨབ	ཨབ
གཤོ	གཤོ
ལྟབ	ལྟབ
དཔྲོ	དཔྲོ
ཏེག	ཏེག
རྔེའ	རྔེའ
དིས	དིས
དམྲི	དམྲི
རྙེང	རྙེང
རྦིད	རྦིད
མེག	མེག
ཧའ	ཧའ
པིན	པིན
ཕན	ཕན
ཛུབ	ཛུབ
རྙོད	རྙོད
འགི	འགི
མཐོ	མཐོ
རྫིའ	རྫིའ
ཚེམ	ཚེམ
ཁོན	ཁོན
ཨོས	ཨོས
རྦེས	རྦེས
ལྷི	ལྷི
བསྒྱ	བསྒྱ
བག	བག
འགྱེ	འགྱེ
ཇུའ	ཇུའ
རྗོག	རྗོག
ཀུས	ཀུས
རྫུབ	རྫུབ
ཛེ	ཛེ
ཉིའ	ཉིའ
ལྐེག	ལྐེག
ཚུམ	ཚུམ
རྐོད	རྐོད
ཅས	ཅས
ཧོལ	ཧོལ
ཀྲི	ཀྲི
ཐེའ	ཐེའ
བཀློ	བཀློ
རྔིམ	རྔིམ
འཛུ	འཛུ
ཉོབ	ཉོབ
ཨོལ	ཨོལ
ཝང	ཝང
ཀླེ	ཀླེ
སྔེ	སྔེ
འཕྲུ	འཕྲུ
རྨང	རྨང
ཅེམ	ཅེམ
ཟག	ཟག
ཙིལ	ཙིལ
འན	འན
འབྲོ	འབྲོ
རྫེ	རྫེ
ཡེམ	ཡེམ
རྫར	རྫར
ལྤག	ལྤག
ཉུབ	ཉུབ
སྤེ	སྤེ
ཆེམ	ཆེམ
ཕེན	ཕེན
བསྩི	བསྩི
རྦོབ	རྦོབ
ཤབ	ཤབ
ཕིར	ཕིར
ཆད	ཆད
ངུལ	ངུལ
འགུ	འགུ
རྔག	རྔག
ཤུག	ཤུག
བསྐྲེ	བསྐྲེ
མིལ	མིལ
མཛེ	མཛེ
ཐིའ	ཐིའ
ཉེག	ཉེག
ཕིག	ཕིག
སོད	སོད
དའ	དའ
རྙིར	རྙིར
ཧོ	ཧོ
ཛུན	ཛུན
རྒད	རྒད
ལྟིལ	ལྟིལ
རྦ	རྦ
ཟྭ	ཟྭ
ཆེའ	ཆེའ
མཁོ	མཁོ
ཞེན	ཞེན
ལྦོ	ལྦོ
རྡེ	རྡེ
ལྡེག	ལྡེག
ཨོ	ཨོ
བཏུ	བཏུ
ཨན	ཨན
རུམ	རུམ
རྨེར	རྨེར
ཙིད	ཙིད
པིབ	པིབ
འིན	འིན
བསྐོ	བསྐོ
དགྱི	དགྱི
རྐེ	རྐེ
རྔོའ	རྔོའ
དཔྱ	དཔྱ
ཉེམ	ཉེམ
རྒོག	རྒོག
རྙུས	རྙུས
ཏིག	ཏིག
མཚི	མཚི
གདི	གདི
གོད	གོད
ཚིག	ཚིག
བརྗོ	བརྗོ
སོང	སོང
ཐུས	ཐུས
རྣེད	རྣེད
སྒྱེ	སྒྱེ
ཆིས	ཆིས
ཝེན	ཝེན
བཀྲོ	བཀྲོ
རྦིར	རྦིར
བསྒྲུ	བསྒྲུ
རྐེས	རྐེས
ཙོལ	ཙོལ
ལྗི	ལྗི
བུའ	བུའ
ལྟིག	ལྟིག
ཤི	ཤི
མདེ	མདེ
ཤིད	ཤིད
ཨིན	ཨིན
ཆས	ཆས
རྦིང	རྦིང
བཟླུ	བཟླུ
ཁན	ཁན
དཀྲོ	དཀྲོ
ཀིར	ཀིར
རྨིག	རྨིག
ལྤུད	ལྤུད
རྔེན	རྔེན
དཔུ	དཔུ
ཉུའ	ཉུའ
སྔུ	སྔུ
ཙར	ཙར
སྤྲུ	སྤྲུ
ལར	ལར
ལྒིང	ལྒིང
ལྤེག	ལྤེག
ལྡིབ	ལྡིབ
རྦོ	རྦོ
གཤི	གཤི
ཡམ	ཡམ
དགྱོ	དགྱོ
ཡེབ	ཡེབ
དོང	དོང
ཁིག	ཁིག
བགེ	བགེ
སིབ	སིབ
སྙ	སྙ
དབྱི	དབྱི
བིད	བིད
སྒྱི	སྒྱི
འབྲུ	འབྲུ
འས	འས
ལྡོ	ལྡོ
ཉེད	ཉེད
ཉབ	ཉབ
སྩ	སྩ
རྩིག	རྩིག
ཛུག	ཛུག
འེལ	འེལ
ཡའ	ཡའ
ཞོལ	ཞོལ
གཟེ	གཟེ
བུད	བུད
རྐུབ	རྐུབ
ཙོད	ཙོད
བཙི	བཙི
ངག	ངག
གཉུ	གཉུ
ཀྱ	ཀྱ
ཙོར	ཙོར
ལོང	ལོང
ལྡི	ལྡི
རྟམ	རྟམ
ལྷེག	ལྷེག
ལྔེབ	ལྔེབ
བསྒྲོ	བསྒྲོ
ལྔར	ལྔར
ཝེས	ཝེས
རྐེལ	རྐེལ
འཁྲི	འཁྲི
སིན	སིན
བལྟུ	བལྟུ
ནེལ	ནེལ
རྫེམ	རྫེམ
རྩིབ	རྩིབ
ཇོང	ཇོང
བརྡ	བརྡ
སྲུ	སྲུ
རྐུན	རྐུན
རྣའ	རྣའ
ལྡེམ	ལྡེམ
རྫལ	རྫལ
གཡ	གཡ
ལེའ	ལེའ
ལྡམ	ལྡམ
རྔོ	རྔོ
རེག	རེག
ལྤེད	ལྤེད
རྒུག	རྒུག
རུག	རུག
མནོ	མནོ
གེ	གེ
རྗུད	རྗུད
ལྤི	ལྤི
ངོའ	ངོའ
ལྡིང	ལྡིང
རྒྱུ	རྒྱུ
བསྒི	བསྒི
ཅུའ	ཅུའ
མཁྲུ	མཁྲུ
རྟར	རྟར
ལྔུས	ལྔུས
ཁྲུ	ཁྲུ
ལྦུལ	ལྦུལ
ལག	ལག
བུན	བུན
གཉི	གཉི
བཀྲི	བཀྲི
ཝས	ཝས
ཅེག	ཅེག
པང	པང
དེང	དེང
ལྷིའ	ལྷིའ
རྔིའ	རྔིའ
ཟིམ	ཟིམ
ཏས	ཏས
ཨེའ	ཨེའ
བརྗེ	བརྗེ
ཀི	ཀི
ལྟེབ	ལྟེབ
ཀེང	ཀེང
བསྙེ	བསྙེ
ཙིན	ཙིན
བསྒྲ	བསྒྲ
ཞེད	ཞེད
རྙིམ	རྙིམ
འབྱོ	འབྱོ
གུམ	གུམ
ལྤེའ	ལྤེའ
རྣོམ	རྣོམ
རྗུའ	རྗུའ
ཛིའ	ཛིའ
ལྔེའ	ལྔེའ
ཝོར	ཝོར
རྡུག	རྡུག
སྒ	སྒ
གཉོ	གཉོ
སྐུ	སྐུ
བང	བང
བལྟ	བལྟ
ཤག	ཤག
སན	སན
རླེ	རླེ
ཐི	ཐི
ཟོག	ཟོག
ཤེག	ཤེག
ཉོའ	ཉོའ
རྐེའ	རྐེའ
ཕུ	ཕུ
རྔིང	རྔིང
དགྲི	དགྲི
བརྐི	བརྐི
སྲི	སྲི
རྫོའ	རྫོའ
རྣེའ	རྣེའ
རྫམ	རྫམ
གཡེ	གཡེ
ཀན	ཀན
ནིར	ནིར
རྫི	རྫི
འིབ	འིབ
ངིང	ངིང
རྩོའ	རྩོའ
རྦང	རྦང
རྒིས	རྒིས
ཨུབ	ཨུབ
རྗོའ	རྗོའ
ལྦིད	ལྦིད
ཀྲུ	ཀྲུ
མད	མད
ལྟར	ལྟར
ཕིལ	ཕིལ
རྫུའ	རྫུའ
ཡོད	ཡོད
དངི	དངི
ཙུམ	ཙུམ
ལྒིལ	ལྒིལ
ཡེ	ཡེ
པིམ	པིམ
རྙིས	རྙིས
ལྐ	ལྐ
ཁོབ	ཁོབ
ལྐུང	ལྐུང
རྗུར	རྗུར
རྗོད	རྗོད
ཁི	ཁི
མངེ	མངེ
ཛོམ	ཛོམ
རྡེབ	རྡེབ
ཆོབ	ཆོབ
མུ	མུ
ལྕུའ	ལྕུའ
ཁྱི	ཁྱི
ཟའ	ཟའ
ལི	ལི
ཡད	ཡད
ཐུམ	ཐུམ
ལྕལ	ལྕལ
ལྷུལ	ལྷུལ
མཚོ	མཚོ
ཐོ	ཐོ
ཙུར	ཙུར
བཀྲེ	བཀྲེ
ལྒན	ལྒན
རྗེ	རྗེ
རྡུབ	རྡུབ
ལྕུབ	ལྕུབ
རྗའ	རྗའ
དཔི	དཔི
ཨིང	ཨིང
བསྣེ	བསྣེ
བགྱ	བགྱ
ལྐལ	ལྐལ
རྟའ	རྟའ
ཇོའ	ཇོའ
རྒིམ	རྒིམ
ལྤེབ	ལྤེབ
ལྟུན	ལྟུན
རྙུར	རྙུར
ལུལ	ལུལ
ཚེལ	ཚེལ
རྦན	རྦན
ཆུམ	ཆུམ
ཝར	ཝར
ཧུང	ཧུང
དུན	དུན
ལྤུག	ལྤུག
བསྣུ	བསྣུ
དབེ	དབེ
དཔྲུ	དཔྲུ
ཟིལ	ཟིལ
རྔན	རྔན
རྨུབ	རྨུབ
ལྟི	ལྟི
དིང	དིང
མཆི	མཆི
ཏོར	ཏོར
ལྦས	ལྦས
འཐ	འཐ
སྐི	སྐི
རྒྱི	རྒྱི
ཡི	ཡི
ཤེབ	ཤེབ
རྒི	རྒི
པེར	པེར
དོའ	དོའ
རྩེབ	རྩེབ
ཐོས	ཐོས
རྩོམ	རྩོམ
རྒུའ	རྒུའ
ཆེལ	ཆེལ
རྦོལ	རྦོལ
འག	འག
བསྩེ	བསྩེ
རྦེམ	རྦེམ
རྦད	རྦད
པིའ	པིའ
ཅོམ	ཅོམ
ཅལ	ཅལ
རྙད	རྙད
ཝེད	ཝེད
ལྦན	ལྦན
ནད	ནད
རྒ	རྒ
རྐལ	རྐལ
ཛོག	ཛོག
འུལ	འུལ
རྐོ	རྐོ
སྡོ	སྡོ
ལྤེང	ལྤེང
རྡོ	རྡོ
རྗབ	རྗབ
བརྣོ	བརྣོ
ཟད	ཟད
རྫེལ	རྫེལ
སུང	སུང
པྲི	པྲི
ལྡུ	ལྡུ
ཅུབ	ཅུབ
ལྤལ	ལྤལ
འཕྱ	འཕྱ
ཤོལ	ཤོལ
ཅན	ཅན
ཉལ	ཉལ
ཙུན	ཙུན
རས	རས
ཁའ	ཁའ
གཞུ	གཞུ
ངར	ངར
ཟན	ཟན
རྦུན	རྦུན
རྨོད	རྨོད
ཁོག	ཁོག
བཤ	བཤ
རྦིའ	རྦིའ
མགྲུ	མགྲུ
ལྐིབ	ལྐིབ
ཞུལ	ཞུལ
མནེ	མནེ
བརྣུ	བརྣུ
ཛོའ	ཛོའ
ཡེད	ཡེད
ཧག	ཧག
ལྒབ	ལྒབ
གིན	གིན
ལྤུར	ལྤུར
བདོ	བདོ
ཏིའ	ཏིའ
ལྡུམ	ལྡུམ
རྣེན	རྣེན
ལྔེན	ལྔེན
ལྤུབ	ལྤུབ
ཡུག	ཡུག
ཛབ	ཛབ
ཟུད	ཟུད
རྫིན	རྫིན
འདུ	འདུ
རྐིག	རྐིག
འབྱི	འབྱི
འེབ	འེབ
ཟེབ	ཟེབ
ཆུར	ཆུར
བསྙུ	བསྙུ
བར	བར
རྔུག	རྔུག
ལྤིབ	ལྤིབ
སྟེ	སྟེ
ཚིལ	ཚིལ
རྩ	རྩ
དགྱེ	དགྱེ
བིང	བིང
ངེའ	ངེའ
ཉུར	ཉུར
ཚས	ཚས
ཕོད	ཕོད
འགྲུ	འགྲུ
ལྟང	ལྟང
ཇིག	ཇིག
ལོ	ལོ
རྡོས	རྡོས
ཙན	ཙན
རྐོམ	རྐོམ
དཔེ	དཔེ
ཅིས	ཅིས
ཚོང	ཚོང
སྨྱུ	སྨྱུ
ཡུང	ཡུང
ཚོབ	ཚོབ
ངུབ	ངུབ
ཧྲུ	ཧྲུ
ཞག	ཞག
རྔིན	རྔིན
ཀུན	ཀུན
མས	མས
ཚེབ	ཚེབ
རྣིང	རྣིང
ཤར	ཤར
བརླི	བརླི
རྐེག	རྐེག
བུར	བུར
གཉ	གཉ
འཕྱོ	འཕྱོ
ཐེམ	ཐེམ
ཤང	ཤང
སྒྲེ	སྒྲེ
རྣིན	རྣིན
ཝེམ	ཝེམ
ཞོམ	ཞོམ
ལྦའ	ལྦའ
འཕ	འཕ
རྨིལ	རྨིལ
རྟོར	རྟོར
བཟི	བཟི
གཅི	གཅི
ཉོས	ཉོས
སོམ	སོམ
ལྒེད	ལྒེད
ལྕང	ལྕང
རྨེག	རྨེག
བརྒོ	བརྒོ
ཚེ	ཚེ
གོ	གོ
མེང	མེང
ལྗ	ལྗ
ལྐིང	ལྐིང
གསོ	གསོ
ཨེར	ཨེར
ཕྱ	ཕྱ
རྣེལ	རྣེལ
བུས	བུས
ཝོབ	ཝོབ
ཨི	ཨི
དུར	དུར
ཁེ	ཁེ
སླ	སླ
དབ	དབ
པྱོ	པྱོ
ཆོ	ཆོ
ཝིང	ཝིང
ངོང	ངོང
འགྱི	འགྱི
བགྲ	བགྲ
ལྷིས	ལྷིས
ནལ	ནལ
ཞེས	ཞེས
འེན	འེན
ཞེའ	ཞེའ
ཟིས	ཟིས
སའ	སའ
ཏིལ	ཏིལ
ཀྲེ	ཀྲེ
ཅུང	ཅུང
རྨུའ	རྨུའ
ལྒིས	ལྒིས
དིལ	དིལ
ཁེང	ཁེང
རྣུང	རྣུང
བསྲ	བསྲ
ཤོས	ཤོས
ཏར	ཏར
བསྡི	བསྡི
ལིས	ལིས
གམ	གམ
བཏོ	བཏོ
ཙིམ	ཙིམ
ལྡིན	ལྡིན
ཚེར	ཚེར
ཝལ	ཝལ
ཐོག	ཐོག
ལྗིག	ལྗིག
བརྩུ	བརྩུ
རྦེར	རྦེར
ཝེར	ཝེར
ངེད	ངེད
ལལ	ལལ
མུས	མུས
སྐྱི	སྐྱི
ཐོན	ཐོན
སུག	སུག
ཇིལ	ཇིལ
མཐེ	མཐེ
རྐད	རྐད
ཉེང	ཉེང
ལྗིམ	ལྗིམ
རྒར	རྒར
པེའ	པེའ
འཛེ	འཛེ
ལྒེའ	ལྒེའ
ཚད	ཚད
ཆིག	ཆིག
བརྒྱོ	བརྒྱོ
ཀྱོ	ཀྱོ
པྱེ	པྱེ
ཆབ	ཆབ
བེལ	བེལ
མངི	མངི
དས	དས
ཅུན	ཅུན
ལྤེན	ལྤེན
རྗིབ	རྗིབ
རྒྱོ	རྒྱོ
རྗང	རྗང
རྦི	རྦི
རྙག	རྙག
བརྙ	བརྙ
རིའ	རིའ
ལྤིས	ལྤིས
རྩོང	རྩོང
ཏིམ	ཏིམ
རྙེན	རྙེན
བཞོ	བཞོ
ཝིར	ཝིར
རྐུ	རྐུ
ཆིར	ཆིར
ཛོབ	ཛོབ
ཨའ	ཨའ
ཟུན	ཟུན
རྗིར	རྗིར
མགེ	མགེ
ཆོའ	ཆོའ
རྙོལ	རྙོལ
སུབ	སུབ
འཇུ	འཇུ
ཤུན	ཤུན
ལྕེའ	ལྕེའ
ཙག	ཙག
གིར	གིར
ཇོག	ཇོག
སླེ	སླེ
སྣྲུ	སྣྲུ
ཇེ	ཇེ
རྫུག	རྫུག
ཚོད	ཚོད
ཧིར	ཧིར
ཛུང	ཛུང
སྤྲི	སྤྲི
དྲུ	དྲུ
ཛིང	ཛིང
རྟོག	རྟོག
སྔོ	སྔོ
ཅིང	ཅིང
ལོར	ལོར
བེམ	བེམ
རྙོན	རྙོན
ལྟེམ	ལྟེམ
ཚེག	ཚེག
པུང	པུང
ཤུམ	ཤུམ
ལྕོ	ལྕོ
ཟེས	ཟེས
ཧུད	ཧུད
བྲ	བྲ
འགྲ	འགྲ
ཐས	ཐས
རྗོལ	རྗོལ
བགི	བགི
ལྷུན	ལྷུན
དེའ	དེའ
རྒོས	རྒོས
བགྱོ	བགྱོ
རྟས	རྟས
ཞུག	ཞུག
ལོན	ལོན
བརྒྱི	བརྒྱི
པུའ	པུའ
གའ	གའ
ཐབ	ཐབ
རྡན	རྡན
ལྕུ	ལྕུ
རྔའ	རྔའ
ཟླི	ཟླི
རྒས	རྒས
བརློ	བརློ
ཧྲེ	ཧྲེ
རློ	རློ
རྒོན	རྒོན
སེལ	སེལ
ཟླ	ཟླ
ཝུལ	ཝུལ
རྐིམ	རྐིམ
འུ	འུ
ཞད	ཞད
སྣྲ	སྣྲ
ལྐུད	ལྐུད
རྣུས	རྣུས
ལོས	ལོས
ནབ	ནབ
ཉང	ཉང
བསྒྱེ	བསྒྱེ
བཞུ	བཞུ
ལྔིབ	ལྔིབ
ནོར	ནོར
ལྤིར	ལྤིར
འགྱོ	འགྱོ
ཀོམ	ཀོམ
བསྒྲེ	བསྒྲེ
ཀང	ཀང
ལྗུར	ལྗུར
རྒྱེ	རྒྱེ
དིབ	དིབ
པིག	པིག
རྗུག	རྗུག
རྣོར	རྣོར
ཉོན	ཉོན
ལྟིང	ལྟིང
འཇི	འཇི
བེན	བེན
ཏུལ	ཏུལ
ཅི	ཅི
དགོ	དགོ
རྟིག	རྟིག
འཁི	འཁི
ཁིལ	ཁིལ
ཚུབ	ཚུབ
པམ	པམ
ཉོ	ཉོ
ཟོང	ཟོང
རྟིན	རྟིན
གནེ	གནེ
སྐྲོ	སྐྲོ
འདེ	འདེ
ལྦུར	ལྦུར
པུད	པུད
ཡུར	ཡུར
རྩོལ	རྩོལ
ཞུམ	ཞུམ
ལྷུམ	ལྷུམ
ཏེས	ཏེས
བཤོ	བཤོ
ཤུད	ཤུད
བསྔེ	བསྔེ
གཞོ	གཞོ
གཏུ	གཏུ
ལྐེབ	ལྐེབ
རྦུང	རྦུང
ལྐིམ	ལྐིམ
རྙུ	རྙུ
སྨྲེ	སྨྲེ
ཁུད	ཁུད
ལྒུད	ལྒུད
སྦོ	སྦོ
ཏུས	ཏུས
ཇེའ	ཇེའ
པབ	པབ
ལྷིད	ལྷིད
སོན	སོན
འིའ	འིའ
འགྱུ	འགྱུ
རྙོ	རྙོ
བཙེ	བཙེ
ནེང	ནེང
ཛེག	ཛེག
ཇོབ	ཇོབ
ཉིམ	ཉིམ
མལ	མལ
རྡ	རྡ
ཅོ	ཅོ
ནི	ནི
བརྗ	བརྗ
ལེན	ལེན
བརྟ	བརྟ
ལྤིན	ལྤིན
སྤ	སྤ
ལྷིམ	ལྷིམ
ལྦུང	ལྦུང
དམྱི	དམྱི
ལྡ	ལྡ
ཆོས	ཆོས
བརྟི	བརྟི
ཤིབ	ཤིབ
བེད	བེད
སུན	སུན
གྲུ	གྲུ
ཐམ	ཐམ
མཆུ	མཆུ
སྤྱ	སྤྱ
ཛིམ	ཛིམ
ཁམ	ཁམ
བཀྱེ	བཀྱེ
རྐོའ	རྐོའ
མོར	མོར
ལྤིམ	ལྤིམ
རྨོས	རྨོས
ལྐིད	ལྐིད
མུག	མུག
ལྡུས	ལྡུས
རྩར	རྩར
རྒེན	རྒེན
ཤུང	ཤུང
ཧུན	ཧུན
ངིལ	ངིལ
རྙིའ	རྙིའ
རྔལ	རྔལ
ཙད	ཙད
ཉའ	ཉའ
སོབ	སོབ
རྡེག	རྡེག
རྗོས	རྗོས
ཅེབ	ཅེབ
ལྟེ	ལྟེ
ཀེད	ཀེད
འཚི	འཚི
ཞུབ	ཞུབ
ཕར	ཕར
རྩེག	རྩེག
ཐིན	ཐིན
རྟོམ	རྟོམ
ངོ	ངོ
རྙོབ	རྙོབ
རྟེན	རྟེན
རྣམ	རྣམ
ཧྲི	ཧྲི
ལྒིག	ལྒིག
ཞས	ཞས
ལྷེད	ལྷེད
སྤི	སྤི
ལེ	ལེ
པོན	པོན
ལྔ	ལྔ
རྗོར	རྗོར
ངད	ངད
རྙུག	རྙུག
བསྐྲ	བསྐྲ
རྦུབ	རྦུབ
འཁྲོ	འཁྲོ
པོབ	པོབ
རྗེག	རྗེག
རྒེབ	རྒེབ
ཞིབ	ཞིབ
རྡུན	རྡུན
ངམ	ངམ
ཞེམ	ཞེམ
ལྐུབ	ལྐུབ
རྔོབ	རྔོབ
མེལ	མེལ
ཛམ	ཛམ
ཧིན	ཧིན
ཛལ	ཛལ
མུན	མུན
ཅུལ	ཅུལ
ཏེའ	ཏེའ
ལྔུ	ལྔུ
ཤོན	ཤོན
རྙོར	རྙོར
རྫེག	རྫེག
བཟེ	བཟེ
ཇུག	ཇུག
ལྔད	ལྔད
ཉས	ཉས
རྔིལ	རྔིལ
འོག	འོག
ལྕུར	ལྕུར
ཆིའ	ཆིའ
རྨིས	རྨིས
ཟུག	ཟུག
འཛི	འཛི
མཁུ	མཁུ
ཨེ	ཨེ
པག	པག
ནོལ	ནོལ
ལྗར	ལྗར
སོག	སོག
རྐོབ	རྐོབ
པར	པར
ནོ	ནོ
རྣོས	རྣོས
བསློ	བསློ
རྒིབ	རྒིབ
ལྐིལ	ལྐིལ
ཟོལ	ཟོལ
རྡེས	རྡེས
ལབ	ལབ
རྟག	རྟག
མིན	མིན
ཉད	ཉད
ཧལ	ཧལ
བགོ	བགོ
ཐོལ	ཐོལ
ཨོམ	ཨོམ
རྐིལ	རྐིལ
ཉིབ	ཉིབ
རྗིང	རྗིང
བལྟེ	བལྟེ
ཉོར	ཉོར
ལྔུད	ལྔུད
རྦོར	རྦོར
རྗེན	རྗེན
གཅུ	གཅུ
བྱུ	བྱུ
རྙེམ	རྙེམ
ཆུ	ཆུ
ཝོ	ཝོ
ཉེབ	ཉེབ
ཇིད	ཇིད
ངོལ	ངོལ
ཀལ	ཀལ
བསྐུ	བསྐུ
རྙའ	རྙའ
ཡེང	ཡེང
ཐེད	ཐེད
ཏབ	ཏབ
རྔུམ	རྔུམ
ཏིར	ཏིར
རྨུག	རྨུག
མཁི	མཁི
ཙི	ཙི
གཤེ	གཤེ
ཀར	ཀར
རྔས	རྔས
ཟབ	ཟབ
ཐིམ	ཐིམ
བགྲི	བགྲི
བསྐེ	བསྐེ
སྐྱ	སྐྱ
ཆང	ཆང
བཤུ	བཤུ
གོག	གོག
རྡེད	རྡེད
ཡས	ཡས
ལྗུས	ལྗུས
ཛན	ཛན
གིབ	གིབ
ཏའ	ཏའ
ཀེན	ཀེན
རེའ	རེའ
ཅོབ	ཅོབ
བྱི	བྱི
ཨེལ	ཨེལ
ཅོད	ཅོད
ལྟས	ལྟས
མིམ	མིམ
ལྔམ	ལྔམ
སྤྱོ	སྤྱོ
དུད	དུད
བཏི	བཏི
རྐའ	རྐའ
ལྕེམ	ལྕེམ
རྟེ	རྟེ
རྨེས	རྨེས
རྡུང	རྡུང
ཇེར	ཇེར
དིར	དིར
རྟོས	རྟོས
དམྲོ	དམྲོ
ཅེལ	ཅེལ
ཞོའ	ཞོའ
དུལ	དུལ
རེས	རེས
ཀྱི	ཀྱི
ཐུའ	ཐུའ
ཁོའ	ཁོའ
ལྒལ	ལྒལ
རྨི	རྨི
བཀི	བཀི
ཇོར	ཇོར
རྐྱ	རྐྱ
སྒྲུ	སྒྲུ
ཙོག	ཙོག
ལིར	ལིར
མིག	མིག
བསྐ	བསྐ
ཅོའ	ཅོའ
རྩུང	རྩུང
ཝིག	ཝིག
འིད	འིད
ཞང	ཞང
ཉི	ཉི
རྦིན	རྦིན
ངིའ	ངིའ
ལྟ	ལྟ
སྨི	སྨི
ཕད	ཕད
རྡོམ	རྡོམ
ལྗུང	ལྗུང
བདུ	བདུ
རྐིས	རྐིས
མུལ	མུལ
ཙིའ	ཙིའ
ཙོབ	ཙོབ
ཡུབ	ཡུབ
དབྱེ	དབྱེ
ལྦུབ	ལྦུབ
ངེམ	ངེམ
ཨིལ	ཨིལ
རྔོན	རྔོན
སྐྲེ	སྐྲེ
ཝོའ	ཝོའ
བསྐྲུ	བསྐྲུ
པེང	པེང
རྡོང	རྡོང
ལྟེད	ལྟེད
གཅ	གཅ
ཟས	ཟས
ལྤེ	ལྤེ
ཕུས	ཕུས
ཐྲ	ཐྲ
བསྐྲི	བསྐྲི
ཇིམ	ཇིམ
རད	རད
ལྔི	ལྔི
སྦྱོ	སྦྱོ
གང	གང
རུལ	རུལ
ཆེད	ཆེད
ཐུལ	ཐུལ
ཡུད	ཡུད
ལྟིད	ལྟིད
ཐིར	ཐིར
ཇོན	ཇོན
བསྣི	བསྣི
བོ	བོ
ལྗེབ	ལྗེབ
གཙོ	གཙོ
ཤུས	ཤུས
རྙེབ	རྙེབ
ཚན	ཚན
ལེར	ལེར
ཏག	ཏག
རྗེར	རྗེར
རྩེས	རྩེས
འཁ	འཁ
འེ	འེ
པོལ	པོལ
འདྲོ	འདྲོ
ཏུའ	ཏུའ
ལྕབ	ལྕབ
འོང	འོང
ལམ	ལམ
བོལ	བོལ
ངོན	ངོན
ཇོལ	ཇོལ
བཅི	བཅི
འཁྲུ	འཁྲུ
ངེལ	ངེལ
བསྙི	བསྙི
ལྔུག	ལྔུག
ཤེམ	ཤེམ
སྙོ	སྙོ
དཀོ	དཀོ
རེལ	རེལ
ཅེན	ཅེན
བགྲེ	བགྲེ
ལྗན	ལྗན
རིད	རིད
ཁལ	ཁལ
གྱ	གྱ
རླི	རླི
རྔམ	རྔམ
ལྦུན	ལྦུན
ཙེག	ཙེག
མཐ	མཐ
དམེ	དམེ
བིམ	བིམ
རྙིག	རྙིག
གེམ	གེམ
ཧོམ	ཧོམ
དཀྲ	དཀྲ
རྨིའ	རྨིའ
ཇང	ཇང
པོང	པོང
རྒིར	རྒིར
པེ	པེ
བའ	བའ
དེར	དེར
ཕྱེ	ཕྱེ
ཐེ	ཐེ
ཕེའ	ཕེའ
གཞི	གཞི
བཅ	བཅ
སུའ	སུའ
ལྗིན	ལྗིན
ཕིན	ཕིན
རྔོར	རྔོར
དེན	དེན
དིག	དིག
ནིན	ནིན
ལྷག	ལྷག
ཡུ	ཡུ
ཤའ	ཤའ
ལྐེམ	ལྐེམ
འཚུ	འཚུ
ཇུམ	ཇུམ
སྨྱི	སྨྱི
ཕིས	ཕིས
ལྒེན	ལྒེན
སྤྱི	སྤྱི
བལྡེ	བལྡེ
བརྫུ	བརྫུ
རྣོབ	རྣོབ
འགྱ	འགྱ
རྒྱ	རྒྱ
སྟ	སྟ
ཐའ	ཐའ
རྦོང	རྦོང
ཙེ	ཙེ
ནུའ	ནུའ
ཞུས	ཞུས
སེད	སེད
ཤོ	ཤོ
འིང	འིང
རྡེམ	རྡེམ
མྱུ	མྱུ
ཏལ	ཏལ
ཟུས	ཟུས
ངོག	ངོག
རྡེར	རྡེར
རུབ	རུབ
རྐེད	རྐེད
མཁྲི	མཁྲི
གཟ	གཟ
རྣིའ	རྣིའ
དཀྱོ	དཀྱོ
ལྗལ	ལྗལ
བརྣེ	བརྣེ
ལྐིན	ལྐིན
ཁྱོ	ཁྱོ
ལྕུམ	ལྕུམ
འབི	འབི
ཡོལ	ཡོལ
ཆེ	ཆེ
ནོད	ནོད
ཐེབ	ཐེབ
ལྦེམ	ལྦེམ
ཀེག	ཀེག
གེང	གེང
ཁབ	ཁབ
གིའ	གིའ
རྐང	རྐང
འེག	འེག
རྔུང	རྔུང
ཙེད	ཙེད
སྦུ	སྦུ
རྟན	རྟན
རྒེ	རྒེ
ཕོབ	ཕོབ
ལྡིའ	ལྡིའ
ཨིར	ཨིར
གཤ	གཤ
ནིའ	ནིའ
རྦལ	རྦལ
ཧེ	ཧེ
ཉེས	ཉེས
སྐྱུ	སྐྱུ
མཛུ	མཛུ
ཏྲེ	ཏྲེ
ལྗེམ	ལྗེམ
ཚིབ	ཚིབ
ཙེར	ཙེར
རྫེད	རྫེད
རྔབ	རྔབ
རྣག	རྣག
རལ	རལ
ཞུར	ཞུར
རྡུམ	རྡུམ
འའ	འའ
ལྡུན	ལྡུན
བཟོ	བཟོ
ལྒུས	ལྒུས
རྙུལ	རྙུལ
མཀྲ	མཀྲ
དཀ	དཀ
མིར	མིར
ཧིད	ཧིད
ཛིན	ཛིན
ཁྭ	ཁྭ
སྤོ	སྤོ
དཀྱེ	དཀྱེ
རྨེལ	རྨེལ
ཇམ	ཇམ
མོག	མོག
རྙོང	རྙོང
བགྱུ	བགྱུ
ཉོམ	ཉོམ
ཁིའ	ཁིའ
ལྦུ	ལྦུ
ནུ	ནུ
ཉེའ	ཉེའ
རྨེའ	རྨེའ
མཆ	མཆ
ལྔིར	ལྔིར
བྲུ	བྲུ
ལྕེབ	ལྕེབ
ཏོལ	ཏོལ
འིག	འིག
རྣིག	རྣིག
གད	གད
རྙུབ	རྙུབ
ཝའ	ཝའ
བསུ	བསུ
རྦོད	རྦོད
རིལ	རིལ
བཞ	བཞ
རྗོབ	རྗོབ
ལྗིར	ལྗིར
ལྐག	ལྐག
ཟེ	ཟེ
ཉུང	ཉུང
ཚེད	ཚེད
སྟི	སྟི
བསྡོ	བསྡོ
ཏུད	ཏུད
འམ	འམ
པད	པད
ལྗང	ལྗང
མིས	མིས
རྦིས	རྦིས
ཀུར	ཀུར
དུ	དུ
ལྕུན	ལྕུན
རྫིར	རྫིར
ཞུང	ཞུང
ཚར་	ཚར་
ལྷུད	ལྷུད
དམོ	དམོ
ནོམ	ནོམ
རྣོང	རྣོང
རྗིམ	རྗིམ
ངོར	ངོར
ལྕིར	ལྕིར
གོན	གོན
ཅོར	ཅོར
ནེད	ནེད
ལོའ	ལོའ
ལྗུའ	ལྗུའ
བརྒེ	བརྒེ
ལྡེབ	ལྡེབ
བགྱི	བགྱི
རྦའ	རྦའ
ཀེས	ཀེས
རྗུབ	རྗུབ
ལྟིམ	ལྟིམ
འགྲོ	འགྲོ
རྨོན	རྨོན
རྒེད	རྒེད
དམུ	དམུ
ཉེན	ཉེན
ཧས	ཧས
བསྟི	བསྟི
བཙ	བཙ
བིག	བིག
ལྡང	ལྡང
ཀུའ	ཀུའ
ཝུམ	ཝུམ
རིས	རིས
ཇུད	ཇུད
འཁྲ	འཁྲ
ཅིད	ཅིད
ལྗུ	ལྗུ
རྔེས	རྔེས
ཤས	ཤས
ལྗོ	ལྗོ
ལྐུས	ལྐུས
རྨྱུ	རྨྱུ
བོང	བོང
གབ	གབ
མཁྱི	མཁྱི
དབྲི	དབྲི
འོན	འོན
ཁེའ	ཁེའ
བརྣ	བརྣ
རོ	རོ
ལྡིར	ལྡིར
གཏོ	གཏོ
རྦེལ	རྦེལ
པྲེ	པྲེ
ཐད	ཐད
ཡེའ	ཡེའ
ཟོམ	ཟོམ
ཀྱུ	ཀྱུ
ཧོའ	ཧོའ
ཏམ	ཏམ
ལྐོ	ལྐོ
རྫད	རྫད
རྣེབ	རྣེབ
ཀིང	ཀིང
རྫན	རྫན
བསྡེ	བསྡེ
རྫག	རྫག
འར	འར
ལྒུང	ལྒུང
ནིད	ནིད
རྣས	རྣས
ཚིད	ཚིད
ཕམ	ཕམ
རྫིང	རྫིང
ཨོར	ཨོར
ངིམ	ངིམ
རོར	རོར
ལྦེང	ལྦེང
རྒོམ	རྒོམ
བརྒི	བརྒི
སྲོ	སྲོ
མཚེ	མཚེ
བསླི	བསླི
ཨད	ཨད
ཚོན	ཚོན
ཇོ	ཇོ
བརྐྱེ	བརྐྱེ
རྔུན	རྔུན
རྐོག	རྐོག
རྫུལ	རྫུལ
རྗི	རྗི
རྙལ	རྙལ
ལྡས	ལྡས
འུས	འུས
ལོམ	ལོམ
ཟེར	ཟེར
ཤིལ	ཤིལ
སློ	སློ
པུམ	པུམ
ལྒའ	ལྒའ
ལྔས	ལྔས
སྙེ	སྙེ
རྦབ	རྦབ
མཛི	མཛི
ཅོན	ཅོན
སྣ	སྣ
དྲི	དྲི
ལྟེའ	ལྟེའ
དེལ	དེལ
རྩེལ	རྩེལ
ལྕག	ལྕག
རྦུར	རྦུར
རྫེན	རྫེན
ཞིད	ཞིད
སུལ	སུལ
རྨབ	རྨབ
ལྒ	ལྒ
ལྐུར	ལྐུར
ཤད	ཤད
མཁྱེ	མཁྱེ
ཙུལ	ཙུལ
ཏིབ	ཏིབ
འདྲུ	འདྲུ
སྨྲི	སྨྲི
ལྤོ	ལྤོ
ལྒུག	ལྒུག
རྗིད	རྗིད
ལྒུལ	ལྒུལ
ཇས	ཇས
ལྟུབ	ལྟུབ
ལྒེབ	ལྒེབ
སྒྱོ	སྒྱོ
ཤུལ	ཤུལ
རྟོང	རྟོང
ཝུབ	ཝུབ
ཇལ	ཇལ
དགྱ	དགྱ
ཕེལ	ཕེལ
སྐྲ	སྐྲ
བརྩོ	བརྩོ
ལེས	ལེས
ཤྭ	ཤྭ
ཚའ	ཚའ
ཝུའ	ཝུའ
ཛུ	ཛུ
རྡིས	རྡིས
ཤོར	ཤོར
ཉམ	ཉམ
བླུ	བླུ
ཁར	ཁར
རྔོལ	རྔོལ
རྡུའ	རྡུའ
ནེར	ནེར
སྦ	སྦ
ཐུང	ཐུང
ཏོས	ཏོས
ལིབ	ལིབ
རྫེར	རྫེར
ལྗེག	ལྗེག
མི	མི
ཟོ	ཟོ
པེམ	པེམ
ཀིས	ཀིས
ནུབ	ནུབ
སོས	སོས
ཏིས	ཏིས
ལྕིལ	ལྕིལ
རྒུད	རྒུད
ཕའ	ཕའ
ནས	ནས
ལྒེང	ལྒེང
ལྗུན	ལྗུན
རྦིག	རྦིག
ཛེལ	ཛེལ
བསྣོ	བསྣོ
ཕུལ	ཕུལ
རྔི	རྔི
ལྐུལ	ལྐུལ
སེང	སེང
ཁིམ	ཁིམ
འགྲེ	འགྲེ
རྨམ	རྨམ
ལྟུར	ལྟུར
དྲེ	དྲེ
ལེག	ལེག
ཞོད	ཞོད
ཐུ	ཐུ
རྐེབ	རྐེབ
ཇན	ཇན
རེན	རེན
རྩོན	རྩོན
ཧམ	ཧམ
པེབ	པེབ
ལྕིང	ལྕིང
ཧིའ	ཧིའ
ངུང	ངུང
ཚོས	ཚོས
སང	སང
ཏེང	ཏེང
ཚིར	ཚིར
རྨིམ	རྨིམ
གཟུ	གཟུ
རྙོའ	རྙོའ
རྙོས	རྙོས
བྲི	བྲི
ཕྱུ	ཕྱུ
ངོབ	ངོབ
ལྒི	ལྒི
སར	སར
རྙུད	རྙུད
ཐེག	ཐེག
ཧེལ	ཧེལ
མོལ	མོལ
སྒྱ	སྒྱ
ལྗིལ	ལྗིལ
ལྟིའ	ལྟིའ
རྒིག	རྒིག
ལྡག	ལྡག
ཛིད	ཛིད
ཧོག	ཧོག
རྣ	རྣ
གྭ	གྭ
ལུམ	ལུམ
རྔུད	རྔུད
རྔོང	རྔོང
ཧེས	ཧེས
ལྒང	ལྒང
བསེ	བསེ
རྫོན	རྫོན
བློ	བློ
རྟ	རྟ
ཆུད	ཆུད
ཟླུ	ཟླུ
རྩིའ	རྩིའ
རྔད	རྔད
འིས	འིས
ལྟུང	ལྟུང
རྔེབ	རྔེབ
རྗུམ	རྗུམ
ལང	ལང
རྣོད	རྣོད
ཕོལ	ཕོལ
ཝབ	ཝབ
ཅིའ	ཅིའ
རྩུམ	རྩུམ
རྨུད	རྨུད
གཡོ	གཡོ
ཙུང	ཙུང
པོད	པོད
ཅག	ཅག
ཨུལ	ཨུལ
སིད	སིད
རྣིམ	རྣིམ
ཇོས	ཇོས
ལྦག	ལྦག
ཁེན	ཁེན
ཐེལ	ཐེལ
རྙིལ	རྙིལ
ཞྭ	ཞྭ
རྣུམ	རྣུམ
ཧུ	ཧུ
ཟོན	ཟོན
ཏུན	ཏུན
ནེབ	ནེབ
དོན	དོན
རྒུས	རྒུས
སས	སས
ལྤུས	ལྤུས
རྐར	རྐར
ལྦད	ལྦད
རྨུར	རྨུར
དུའ	དུའ
མོབ	མོབ
རྩེའ	རྩེའ
ཐོང	ཐོང
རུ	རུ
བགྲུ	བགྲུ
སླུ	སླུ
ཆོན	ཆོན
བན	བན
ལྦེན	ལྦེན
ཛོད	ཛོད
ཟེའ	ཟེའ
ལྒེག	ལྒེག
ངུའ	ངུའ
ཧྲ	ཧྲ
ཝེང	ཝེང
བལྟོ	བལྟོ
ཏོམ	ཏོམ
ལྟུག	ལྟུག
མགྲོ	མགྲོ
རྦུལ	རྦུལ
གསེ	གསེ
བརྒྱུ	བརྒྱུ
རྩམ	རྩམ
འབྱ	འབྱ
ཟུར	ཟུར
ཕོན	ཕོན
ལྤབ	ལྤབ
ལྐིས	ལྐིས
འབྲ	འབྲ
ལྕུད	ལྕུད
རྒེམ	རྒེམ
ཆོམ	ཆོམ
ཀེ	ཀེ
རྨེ	རྨེ
བསླེ	བསླེ
སྒི	སྒི
སྦྱེ	སྦྱེ
རྫང	རྫང
དིན	དིན
ནོག	ནོག
ཀེའ	ཀེའ
སབ	སབ
བསྔུ	བསྔུ
པི	པི
ལྐེ	ལྐེ
ངས	ངས
ལད	ལད
ཨས	ཨས
ལྔའ	ལྔའ
མོས	མོས
དད	དད
ཡུལ	ཡུལ
འཁྱུ	འཁྱུ
རྙུམ	རྙུམ
ནིག	ནིག
ལྡེན	ལྡེན
ལྐམ	ལྐམ
ཅེའ	ཅེའ
རྙི	རྙི
བསྡ	བསྡ
རྗན	རྗན
ཅང	ཅང
ལུན	ལུན
ལྟིར	ལྟིར
རྡུད	རྡུད
པྱི	པྱི
གདེ	གདེ
དྲ	དྲ
ལྒིའ	ལྒིའ
རྒའ	རྒའ
རུས	རུས
ལྕུག	ལྕུག
རླ	རླ
ལྤུ	ལྤུ
ཨིད	ཨིད
ངུན	ངུན
བསྔི	བསྔི
ཐོད	ཐོད
འིར	འིར
ལྡལ	ལྡལ
ཨུག	ཨུག
མང	མང
མོད	མོད
མེས	མེས
ལྷེའ	ལྷེའ
ངོད	ངོད
བླེ	བླེ
ཤིར	ཤིར
ཐེང	ཐེང
ལྟེག	ལྟེག
ཟུལ	ཟུལ
ཉོག	ཉོག
དོ	དོ
ཧོས	ཧོས
ཚེས	ཚེས
རྡེང	རྡེང
བརྐྱུ	བརྐྱུ
ཀོ	ཀོ
ཙེའ	ཙེའ
ཝོས	ཝོས
ཧབ	ཧབ
ལྤུའ	ལྤུའ
ཙིར	ཙིར
རྒིན	རྒིན
ཞོབ	ཞོབ
ཟུའ	ཟུའ
བཞེ	བཞེ
པེན	པེན
སེ	སེ
སག	སག
ཀའ	ཀའ
ལྐང	ལྐང
འཛ	འཛ
སྒེ	སྒེ
རྙེག	རྙེག
འཆ	འཆ
རྨུང	རྨུང
ཟང	ཟང
སྦྲུ	སྦྲུ
པུ	པུ
གེག	གེག
སེན	སེན
རྗིག	རྗིག
སོལ	སོལ
གུར	གུར
བཀྱི	བཀྱི
ཆོག	ཆོག
རྗིལ	རྗིལ
རྟུད	རྟུད
རྗེམ	རྗེམ
ལྦུས	ལྦུས
མགི	མགི
རྐྱོ	རྐྱོ
ཁྲི	ཁྲི
འཇེ	འཇེ
བསྟོ	བསྟོ
རྫོ	རྫོ
ཁོར	ཁོར
ལྷེ	ལྷེ
ལྭ	ལྭ
ཧེང	ཧེང
རྦོས	རྦོས
རེ	རེ
ནོས	ནོས
ལྗེང	ལྗེང
རང	རང
ཨུས	ཨུས
བརྐེ	བརྐེ
ལྤུན	ལྤུན
ལྕིམ	ལྕིམ
ཛེམ	ཛེམ
རྨོ	རྨོ
ཧུམ	ཧུམ
ཨེང	ཨེང
ལྷེན	ལྷེན
ཁྲོ	ཁྲོ
ལྕད	ལྕད
མོའ	མོའ
ཁྲིད	ཁྲིད
རྒན	རྒན
རྩང	རྩང
རྩབ	རྩབ
རྙབ	རྙབ
རེམ	རེམ
མུང	མུང
ཝུན	ཝུན
ཝུང	ཝུང
རྟང	རྟང
རྣོན	རྣོན
འཕོ	འཕོ
ལྒིམ	ལྒིམ
ཙེལ	ཙེལ
སྣྲེ	སྣྲེ
དབྲེ	དབྲེ
དམ	དམ
རྩེང	རྩེང
ཉྭ	ཉྭ
ལྗུམ	ལྗུམ
ཝེལ	ཝེལ
བྱེ	བྱེ
ཁོལ	ཁོལ
ཡབ	ཡབ
འཕི	འཕི
ཚུས	ཚུས
ཅིལ	ཅིལ
རྗོ	རྗོ
འཁྱོ	འཁྱོ
མའ	མའ
རྣེས	རྣེས
ལྟུས	ལྟུས
གེབ	གེབ
ཏུག	ཏུག
བརྡེ	བརྡེ
རྦུས	རྦུས
ཅོལ	ཅོལ
ལྕིད	ལྕིད
རྒིའ	རྒིའ
ཐིང	ཐིང
ཀོས	ཀོས
བསྐྲོ	བསྐྲོ
རྐུལ	རྐུལ
ལིམ	ལིམ
ངན	ངན
ཀྲ	ཀྲ
རྩད	རྩད
ལྕུལ	ལྕུལ
གུལ	གུལ
ཀིའ	ཀིའ
ནེའ	ནེའ
བཙུ	བཙུ
རྨེད	རྨེད
ལྤས	ལྤས
རྗམ	རྗམ
བརྔི	བརྔི
རྦར	རྦར
ཉིས	ཉིས
ལོབ	ལོབ
རོན	རོན
ལྷིབ	ལྷིབ
ཐང	ཐང
མཉི	མཉི
ཏེད	ཏེད
ལྡུའ	ལྡུའ
བྱ	བྱ
ཁྱུ	ཁྱུ
ཨུ	ཨུ
ཏུར	ཏུར
རྙེ	རྙེ
ཙབ	ཙབ
ལྒུན	ལྒུན
རྣར	རྣར
རྟབ	རྟབ
ཚི	ཚི
ཕུར	ཕུར
མཉོ	མཉོ
འོར	འོར
དོར	དོར
ལེང	ལེང
ཤུ	ཤུ
རྦིབ	རྦིབ
འཕྱུ	འཕྱུ
ཀླུ	ཀླུ
ལྗེའ	ལྗེའ
ཞོ	ཞོ
ལྦེའ	ལྦེའ
འཆུ	འཆུ
ཕིད	ཕིད
ཆིང	ཆིང
གཙུ	གཙུ
རྔོམ	རྔོམ
ཧད	ཧད
རྐོང	རྐོང
ཀད	ཀད
སིག	སིག
ཏེབ	ཏེབ
མྱེ	མྱེ
ཅུ	ཅུ
རྐུའ	རྐུའ
བིས	བིས
རྐིད	རྐིད
ཇིང	ཇིང
རྙར	རྙར
ཇད	ཇད
རྩའ	རྩའ
ཛེང	ཛེང
གྱེ	གྱེ
ཐུན	ཐུན
གུན	གུན
པུས	པུས
ཝེག	ཝེག
ལྐི	ལྐི
བརྐུ	བརྐུ
རྒང	རྒང
ལྟོ	ལྟོ
ཉིག	ཉིག
སྦི	སྦི
ཅོག	ཅོག
ངང	ངང
རྙུང	རྙུང
ཅུར	ཅུར
འཐུ	འཐུ
སྒྲི	སྒྲི
གྱུ	གྱུ
གློ	གློ
ཡན	ཡན
མགོ	མགོ
ཟེད	ཟེད
ཆལ	ཆལ
པིད	པིད
གིལ	གིལ
རྗོམ	རྗོམ
གྱི	གྱི
ལྦིབ	ལྦིབ
རྡོད	རྡོད
རྡི	རྡི
ཞེག	ཞེག
ལྷེམ	ལྷེམ
ལྐན	ལྐན
རྗེང	རྗེང
ཟོད	ཟོད
པོ	པོ
རྐིན	རྐིན
ཡིབ	ཡིབ
ལྕར	ལྕར
ཤལ	ཤལ
མགྲ	མགྲ
རྣོག	རྣོག
བེབ	བེབ
ཆུག	ཆུག
གཡུ	གཡུ
འཕྲེ	འཕྲེ
དཀུ	དཀུ
སུ	སུ
ལྒད	ལྒད
ཚང	ཚང
བརྐྱ	བརྐྱ
བསྲེ	བསྲེ
ངིད	ངིད
ནོའ	ནོའ
སྡ	སྡ
ཝིམ	ཝིམ
ཞུའ	ཞུའ
ཕུབ	ཕུབ
ལྕ	ལྕ
རོད	རོད
རྣན	རྣན
ཛིལ	ཛིལ
ཕག	ཕག
ཉུ	ཉུ
ཧེན	ཧེན
དགུ	དགུ
ལོག	ལོག
ཛོ	ཛོ
མངོ	མངོ
སི	སི
བརྣི	བརྣི
རྡོག	རྡོག
སྐྲི	སྐྲི
ཧེབ	ཧེབ
ཅུས	ཅུས
རིག	རིག
ཡེལ	ཡེལ
རྐབ	རྐབ
ཁེབ	ཁེབ
ཚིན	ཚིན
རྒལ	རྒལ
རྗིན	རྗིན
ཇིན	ཇིན
མུར	མུར
ཁུས	ཁུས
ལྷུག	ལྷུག
ཞོན	ཞོན
ལྗུལ	ལྗུལ
ཟོབ	ཟོབ
བིབ	བིབ
རྦུད	རྦུད
ལྤིལ	ལྤིལ
གིག	གིག
དཀི	དཀི
འུད	འུད
སྨོ	སྨོ
གུའ	གུའ
བསྟེ	བསྟེ
རྡིད	རྡིད
ཟུམ	ཟུམ
ལྒུབ	ལྒུབ
ཉུལ	ཉུལ
ཨུན	ཨུན
ལྕེག	ལྕེག
ལའ	ལའ
པྲོ	པྲོ
ཅུག	ཅུག
མྱ	མྱ
རྐུག	རྐུག
ལྕིས	ལྕིས
རྣེམ	རྣེམ
བརླེ	བརླེ
ལྷིན	ལྷིན
རྡད	རྡད
ལྗབ	ལྗབ
བེག	བེག
བགླ	བགླ
ཕེམ	ཕེམ
ལྷུབ	ལྷུབ
དཔྱེ	དཔྱེ
ལྟག	ལྟག
གཟོ	གཟོ
དམྲེ	དམྲེ
ངུད	ངུད
ཆིད	ཆིད
ནུམ	ནུམ
ཀེབ	ཀེབ
ལྡུག	ལྡུག
རིམ	རིམ
ཤེའ	ཤེའ
རུའ	རུའ
ཧུལ	ཧུལ
ཅེས	ཅེས
ལྡིལ	ལྡིལ
ཀིམ	ཀིམ
ཟིང	ཟིང
ཛོང	ཛོང
ཨེན	ཨེན
དཔོ	དཔོ
དགྲོ	དགྲོ
འབོ	འབོ
འཐི	འཐི
སྔ	སྔ
རྡིར	རྡིར
རྐྱེ	རྐྱེ
ལྔུང	ལྔུང
ཁུ	ཁུ
ལྐར	ལྐར
ཏི	ཏི
ལུད	ལུད
ཐར	ཐར
ཨམ	ཨམ
བརྟུ	བརྟུ
ཕོར	ཕོར
ངལ	ངལ
ཆོལ	ཆོལ
བཞི	བཞི
རྐག	རྐག
ཧར	ཧར
རྡོན	རྡོན
ཡེག	ཡེག
ཙོམ	ཙོམ
ལྟུད	ལྟུད
ཟི	ཟི
ཕི	ཕི
ཇིས	ཇིས
ལྤ	ལྤ
པོར	པོར
ཅད	ཅད
རྗེལ	རྗེལ
རྫོམ	རྫོམ
བརྟེ	བརྟེ
འེར	འེར
ལྔིད	ལྔིད
ཅིག	ཅིག
ཟེམ	ཟེམ
ཙུབ	ཙུབ
ཛོར	ཛོར
རྦམ	རྦམ
བོབ	བོབ
རིན	རིན
གླི	གླི
ཙང	ཙང
ཡིག	ཡིག
ཀོལ	ཀོལ
ཐིག	ཐིག
རྗོན	རྗོན
ཛེབ	ཛེབ
པའ	པའ
ཉོལ	ཉོལ
རྟོན	རྟོན
སེག	སེག
ཝིས	ཝིས
བོར	བོར
རྐྱི	རྐྱི
སྣི	སྣི
རྟིའ	རྟིའ
རྣོའ	རྣོའ
གཙ	གཙ
ལྟུ	ལྟུ
ལྷུར	ལྷུར
རྡུལ	རྡུལ
ཞིས	ཞིས
གེར	གེར
པུན	པུན
ཚོ	ཚོ
བེས	བེས
འཁུ	འཁུ
ཉིང	ཉིང
བཀུ	བཀུ
སྤྱེ	སྤྱེ
རྣུའ	རྣུའ
དབི	དབི
ཡིམ	ཡིམ
གར	གར
རྡང	རྡང
ལྦུའ	ལྦུའ
རྨྱེ	རྨྱེ
རྩིར	རྩིར
ལྗམ	ལྗམ
མཇ	མཇ
མཇུ	མཇུ
ཕོ	ཕོ
མཉེ	མཉེ
གོར	གོར
ཡེར	ཡེར
སེས	སེས
རྡེའ	རྡེའ
རྫོལ	རྫོལ
སལ	སལ
རྐུར	རྐུར
ཟམ	ཟམ
མེན	མེན
གྱོ	གྱོ
ལྗུག	ལྗུག
ཧུག	ཧུག
ལྟལ	ལྟལ
ཙལ	ཙལ
བརྫི	བརྫི
ལྦིལ	ལྦིལ
རྐེང	རྐེང
ལྤེམ	ལྤེམ
རྗེའ	རྗེའ
ཨོན	ཨོན
རྒིང	རྒིང
ངིག	ངིག
ཏེལ	ཏེལ
ལྡིམ	ལྡིམ
ངེ	ངེ
རྗལ	རྗལ
ཨང	ཨང
རྨ	རྨ
ཨར	ཨར
ཟིར	ཟིར
ཅིར	ཅིར
རྡིལ	རྡིལ
སིས	སིས
རྦེབ	རྦེབ
ཀིད	ཀིད
ཁུན	ཁུན
བིལ	བིལ
ཛུམ	ཛུམ
རྣིས	རྣིས
ཡོ	ཡོ
ཏོའ	ཏོའ
ཉོད	ཉོད
བཀླེ	བཀླེ
ལྐེའ	ལྐེའ
ཐོབ	ཐོབ
འད	འད
ཇབ	ཇབ
ཆེས	ཆེས
དབྲ	དབྲ
རྒེའ	རྒེའ
རྫིལ	རྫིལ
ཨེད	ཨེད
གཞེ	གཞེ
ལུག	ལུག
མཐུ	མཐུ
ལྕས	ལྕས
ཁས	ཁས
ལྟེན	ལྟེན
ཀྭ	ཀྭ
རྗིའ	རྗིའ
རྡག	རྡག
ལྒུའ	ལྒུའ
ཉུག	ཉུག
བརྩ	བརྩ
རླུ	རླུ
རྒེས	རྒེས
བིན	བིན
རྐིང	རྐིང
ལྗེ	ལྗེ
ཇིའ	ཇིའ
ཕྲེ	ཕྲེ
ལྡར	ལྡར
ལྕེ	ལྕེ
ཝག	ཝག
དགྱུ	དགྱུ
གུ	གུ
མུབ	མུབ
ཡེས	ཡེས
ལྤུང	ལྤུང
ཕིབ	ཕིབ
རྗར	རྗར
ཡོན	ཡོན
ལྕིན	ལྕིན
ཇུར	ཇུར
རྣལ	རྣལ
ཅོས	ཅོས
སྙི	སྙི
རྗུལ	རྗུལ
རྐོན	རྐོན
རྒོད	རྒོད
རྡིའ	རྡིའ
ཨུང	ཨུང
རྨྱི	རྨྱི
རྡབ	རྡབ
རྡོར	རྡོར
གེལ	གེལ
རྔུའ	རྔུའ
ཟློ	ཟློ
བརྔེ	བརྔེ
ལྡུད	ལྡུད
སྨྱ	སྨྱ
ཙོ	ཙོ
ངེན	ངེན
བརྙི	བརྙི
རྐུམ	རྐུམ
ལྕེང	ལྕེང
རྦེག	རྦེག
ཐུར	ཐུར
ལྐིར	ལྐིར
རྫེའ	རྫེའ
ནན	ནན
ཅེར	ཅེར
སྨེ	སྨེ
ཁོམ	ཁོམ
རྒུབ	རྒུབ
ལྡབ	ལྡབ
བརླ	བརླ
ལྗིང	ལྗིང
ཛེད	ཛེད
རྙ	རྙ
མཉ	མཉ
ཚུག	ཚུག
བརྫ	བརྫ
སྡེ	སྡེ
ཆུལ	ཆུལ
བགྲོ	བགྲོ
ནུན	ནུན
རྔོག	རྔོག
ལྔག	ལྔག
རྨིབ	རྨིབ
སེབ	སེབ
ལེད	ལེད
ཁེད	ཁེད
ཙེབ	ཙེབ
ཏྲ	ཏྲ
རྩིས	རྩིས
རྣོལ	རྣོལ
བྲེ	བྲེ
ལྡད	ལྡད
རྙན	རྙན
རྣུ	རྣུ
ལྡིས	ལྡིས
ཕུག	ཕུག
ཛུལ	ཛུལ
ཞིང	ཞིང
བསྩ	བསྩ
ཁུག	ཁུག
རྒབ	རྒབ
རིབ	རིབ
ལྕུང	ལྕུང
བསྒྲི	བསྒྲི
ཡུས	ཡུས
གུག	གུག
རྨོལ	རྨོལ
ལན	ལན
ཧིག	ཧིག
ཛིག	ཛིག
ཚག	ཚག
ཁག	ཁག
རྫེས	རྫེས
རྨེབ	རྨེབ
གྲེ	གྲེ
རྒེར	རྒེར
ལྗིས	ལྗིས
རྣིར	རྣིར
ཨེབ	ཨེབ
ཏེན	ཏེན
དོམ	དོམ
རྟེག	རྟེག
ཀུག	ཀུག
པྱ	པྱ
རྒུར	རྒུར
རྫོང	རྫོང
སེམ	སེམ
ཅེད	ཅེད
དཀྱུ	དཀྱུ
ནེམ	ནེམ
ནེན	ནེན
རྡིན	རྡིན
འིལ	འིལ
ལྐིག	ལྐིག
རྨོག	རྨོག
ལྔིའ	ལྔིའ
ཟིག	ཟིག
གོས	གོས
ཡོབ	ཡོབ
ལྷས	ལྷས
རྗ	རྗ
མཇོ	མཇོ
མུད	མུད
ཟིད	ཟིད
བུང	བུང
ཨེས	ཨེས
ཁང	ཁང
བསྩོ	བསྩོ
ཟླེ	ཟླེ
མཆེ	མཆེ
བསྩུ	བསྩུ
ཞེ	ཞེ
རྔིས	རྔིས
རྟི	རྟི
དོབ	དོབ
ལྷའ	ལྷའ
བླི	བླི
ཁིབ	ཁིབ
རྒིད	རྒིད
ཙིང	ཙིང
ཧོད	ཧོད
བསླུ	བསླུ
ཐྲུ	ཐྲུ
ཁེས	ཁེས
ཞམ	ཞམ
རྐས	རྐས
སྩི	སྩི
གླེ	གླེ
ཛི	ཛི
རྩོག	རྩོག
བཀྲ	བཀྲ
དིམ	དིམ
ངེར	ངེར
རྦོན	རྦོན
པོས	པོས
ཤེས	ཤེས
གླུ	གླུ
ཝིབ	ཝིབ
བོན	བོན
རའ	རའ
རྗེས	རྗེས
བེ	བེ
ཀོར	ཀོར
འོའ	འོའ
ཟལ	ཟལ
སིལ	སིལ
ལུར	ལུར
ཨོབ	ཨོབ
དབྱོ	དབྱོ
ངུར	ངུར
བསྒ	བསྒ
བཅུ	བཅུ
རྦོའ	རྦོའ
འབེ	འབེ
ཆིན	ཆིན
དེས	དེས
རྫིག	རྫིག
སྦེ	སྦེ
ཤུའ	ཤུའ
རྟུའ	རྟུའ
རྩན	རྩན
རྨུམ	རྨུམ
ཕེད	ཕེད
སྤྲོ	སྤྲོ
རྦིལ	རྦིལ
འགྲི	འགྲི
རྟུར	རྟུར
ངུམ	ངུམ
མདུ	མདུ
གཏ	གཏ
ལྕན	ལྕན
རབ	རབ
རྩུལ	རྩུལ
བཤི	བཤི
རོབ	རོབ
རྨོང	རྨོང
ཟོར	ཟོར
རྒེལ	རྒེལ
དེབ	དེབ
བསི	བསི
ཇའ	ཇའ
རྫོར	རྫོར
ཧི	ཧི
ཁད	ཁད
ཟིབ	ཟིབ
ལྕམ	ལྕམ
ཝེའ	ཝེའ
ཉུད	ཉུད
ཇར	ཇར
རྨད	རྨད
ཞིན	ཞིན
རྦེང	རྦེང
ཛེའ	ཛེའ
སྒོ	སྒོ
རྩེར	རྩེར
བུམ	བུམ
རྫིད	རྫིད
ཛུར	ཛུར
སྒུ	སྒུ
ཁོས	ཁོས
ཛོན	ཛོན
རྐེན	རྐེན
ནམ	ནམ
ཐྲི	ཐྲི
ཀེམ	ཀེམ
ལྔིང	ལྔིང
རྨུ	རྨུ
སྒྲ	སྒྲ
འདྲི	འདྲི
པིལ	པིལ
བུབ	བུབ
རྟོབ	རྟོབ
ལོད	ལོད
ལྡེད	ལྡེད
ཧིམ	ཧིམ
ནུར	ནུར
བསོ	བསོ
ལྗིད	ལྗིད
རྟིལ	རྟིལ
ཆམ	ཆམ
བཀོ	བཀོ
རྡོའ	རྡོའ
འཕྱེ	འཕྱེ
ལེབ	ལེབ
རྟུལ	རྟུལ
དོས	དོས
ངུ	ངུ
ཉེར	ཉེར
ལྔུན	ལྔུན
བསྐྱོ	བསྐྱོ
མེབ	མེབ
ཟོས	ཟོས
ཚིས	ཚིས
རྙམ	རྙམ
རྣེང	རྣེང
ཏེར	ཏེར
རྦོག	རྦོག
ཡོམ	ཡོམ
ཀློ	ཀློ
ཆུབ	ཆུབ
མོ	མོ
རྦུའ	རྦུའ
ལྦེ	ལྦེ
དམྲ	དམྲ
ཨིའ	ཨིའ
ཏོབ	ཏོབ
ཐིབ	ཐིབ
ཁྲ	ཁྲ
འུན	འུན
ཡིན	ཡིན
ཨེག	ཨེག
ལྒམ	ལྒམ
ཐོམ	ཐོམ
ལྐའ	ལྐའ
ཞབ	ཞབ
ལྔལ	ལྔལ
བཀྱོ	བཀྱོ
བརྡི	བརྡི
རྨུན	རྨུན
ཏྲུ	ཏྲུ
བསླ	བསླ
གདུ	གདུ
ཁུར	ཁུར
ལྐུམ	ལྐུམ
མཁ	མཁ
རྩོར	རྩོར
ལྔུར	ལྔུར
པིང	པིང
དཀྱ	དཀྱ
རྔིད	རྔིད
རྨུལ	རྨུལ
ཧྲོ	ཧྲོ
ཞོས	ཞོས
རྡིང	རྡིང
སྦྲི	སྦྲི
སྨ	སྨ
རྨེམ	རྨེམ
ལྗའ	ལྗའ
ཞུན	ཞུན
དིད	དིད
ལྕིབ	ལྕིབ
ཝོག	ཝོག
ཀོབ	ཀོབ
ལྔེམ	ལྔེམ
མབ	མབ
འཇ	འཇ
ནའ	ནའ
དག	དག
ཏིང	ཏིང
ཞུད	ཞུད
ནིལ	ནིལ
ཐིས	ཐིས
སུས	སུས
ལྐེན	ལྐེན
དབྱ	དབྱ
རྔར	རྔར
ཤེར	ཤེར
ཝན	ཝན
ལྷིག	ལྷིག
དཔྱོ	དཔྱོ
འབྲི	འབྲི
ལྔིམ	ལྔིམ
རྦིམ	རྦིམ
ལིད	ལིད
བརྫེ	བརྫེ
ཨུའ	ཨུའ
མམ	མམ
བཟུ	བཟུ
ལྗུད	ལྗུད
རྦས	རྦས
རྙིན	རྙིན
རྔུབ	རྔུབ
ཇེད	ཇེད
ནུང	ནུང
ལུབ	ལུབ
རྐི	རྐི
རོལ	རོལ
གྲི	གྲི
རྡའ	རྡའ
ཞན	ཞན
འོམ	འོམ
རྦག	རྦག
རྦེའ	རྦེའ
རྟུབ	རྟུབ
འོལ	འོལ
མཁྱོ	མཁྱོ
འུར	འུར
རྟུག	རྟུག
རྫུས	རྫུས
ཝོང	ཝོང
རྟེབ	རྟེབ
རྫས	རྫས
ཇེམ	ཇེམ
ཧོར	ཧོར
བབ	བབ
ངབ	ངབ
ལྒིན	ལྒིན
ཉར	ཉར
ཕེས	ཕེས
འེམ	འེམ
ཝིད	ཝིད
གོབ	གོབ
མགྱོ	མགྱོ
ལྷུང	ལྷུང
རྗེབ	རྗེབ
རྣེ	རྣེ
ཚུན	ཚུན
རྩུན	རྩུན
ཧུའ	ཧུའ
ཛའ	ཛའ
པེལ	པེལ
ནིས	ནིས
ངིབ	ངིབ
ལྦལ	ལྦལ
ལྕིའ	ལྕིའ
ཙེས	ཙེས
ལྤམ	ལྤམ
ཙོན	ཙོན
རྐིབ	རྐིབ
ཞེར	ཞེར
སྦྲ	སྦྲ
ཀླི	ཀླི
ཏིད	ཏིད
སིང	སིང
ཉུམ	ཉུམ
ལྤུམ	ལྤུམ
མཁྱུ	མཁྱུ
ཤན	ཤན
ཀུལ	ཀུལ
ལྟུམ	ལྟུམ
རྦུམ	རྦུམ
ལྦི	ལྦི
ཞི	ཞི
ཡོར	ཡོར
ཆེག	ཆེག
ཉིལ	ཉིལ
རྙང	རྙང
སྐྱེ	སྐྱེ
རྔོས	རྔོས
ཆའ	ཆའ
དབྲུ	དབྲུ
རི	རི
རྩིམ	རྩིམ
རྦེ	རྦེ
རྔིར	རྔིར
སྐྱོ	སྐྱོ
ཆི	ཆི
ཛིས	ཛིས
འོབ	འོབ
གག	གག
བསྒེ	བསྒེ
ལིལ	ལིལ
ཉིད	ཉིད
རྙེའ	རྙེའ
གདོ	གདོ
ལྔིས	ལྔིས
ལུས	ལུས
ཀླ	ཀླ
བཀླུ	བཀླུ
ཚིང	ཚིང
ངུག	ངུག
སོའ	སོའ
ཚེང	ཚེང
ཁུབ	ཁུབ
ཛིབ	ཛིབ
ཉག	ཉག
ཇེབ	ཇེབ
ཧན	ཧན
ཏོ	ཏོ
རྡེལ	རྡེལ
པིས	པིས
ཇུལ	ཇུལ
ཞེལ	ཞེལ
ཛོལ	ཛོལ
རྟེང	རྟེང
ཝུ	ཝུ
ལྷན	ལྷན
མེའ	མེའ
མུའ	མུའ
མདྲ	མདྲ
ཡིས	ཡིས
ཙུག	ཙུག
ཤོབ	ཤོབ
ནུད	ནུད
རྩུབ	རྩུབ
ཕེང	ཕེང
རྦེད	རྦེད
རྙོམ	རྙོམ
རྒམ	རྒམ
བརྐོ	བརྐོ
ཤིན	ཤིན
ཀོག	ཀོག
ཁེར	ཁེར
རྫོག	རྫོག
རྣི	རྣི
མཁྲོ	མཁྲོ
ཚུང	ཚུང
ཕྲུ	ཕྲུ
ལྟེང	ལྟེང
གཤུ	གཤུ
ཐེས	ཐེས
བརྗི	བརྗི
རྩས	རྩས
ལྤུལ	ལྤུལ
ཨིབ	ཨིབ
རྟུང	རྟུང
མིད	མིད
ཚྭ	ཚྭ
ལྦིང	ལྦིང
རར	རར
ཀེལ	ཀེལ
རྗོང	རྗོང
བྲོ	བྲོ
ལྡེང	ལྡེང
རྒག	རྒག
ཀེར	ཀེར
ཚིམ	ཚིམ
བྱོ	བྱོ
སུམ	སུམ
ལྦུད	ལྦུད
ལིང	ལིང
གས	གས
རྦུ	རྦུ
ཉིར	ཉིར
ཏུམ	ཏུམ
ལྐུ	ལྐུ
ལྟུལ	ལྟུལ
བུ	བུ
རུར	རུར
ཧུབ	ཧུབ
གཏེ	གཏེ
ཞིའ	ཞིའ
བཏེ	བཏེ
རྡམ	རྡམ
དེམ	དེམ
རྩུད	རྩུད
སྲ	སྲ
དང	དང
ཏོན	ཏོན
ཡར	ཡར
གྲོ	གྲོ
ལྕིག	ལྕིག
སྡི	སྡི
ཅིམ	ཅིམ
ལྐབ	ལྐབ
རྨར	རྨར
དུམ	དུམ
སེའ	སེའ
འཕྱི	འཕྱི
རྒུམ	རྒུམ
རྒུ	རྒུ
ལྷར	ལྷར
སྨྲོ	སྨྲོ
བརྡུ	བརྡུ
དེག	དེག
འཆི	འཆི
ཧེའ	ཧེའ
སླི	སླི
གནུ	གནུ
ཧོབ	ཧོབ
ཅིབ	ཅིབ
གོང	གོང
ཕེར	ཕེར
ཝེ	ཝེ
རྟེས	རྟེས
བདི	བདི
ཀིལ	ཀིལ
ནར	ནར
ལྦེག	ལྦེག
རྩུ་	རྩུ་
དགྲུ	དགྲུ
རིང	རིང
ཐུག	ཐུག
རྔེ	རྔེ
ཨག	ཨག
ལྔེག	ལྔེག
མགྲི	མགྲི
རྫུང	རྫུང
ཚུད	ཚུད
གུབ	གུབ
ཀམ	ཀམ
རྩག	རྩག
སྤྲ	སྤྲ
འུག	འུག
རྩུས	རྩུས
ལྷེང	ལྷེང
ཏོད	ཏོད
རྣིལ	རྣིལ
མངུ	མངུ
རྩོས	རྩོས
དམྱེ	དམྱེ
མིང	མིང
ཙེན	ཙེན
ལྡུལ	ལྡུལ
རྩུར	རྩུར
བོད	བོད
མེ	མེ
རྟལ	རྟལ
ལྡིད	ལྡིད
ཧུར	ཧུར
པན	པན
ལུང	ལུང
རྔང	རྔང
ལྤའ	ལྤའ
འུམ	འུམ
ཆོར	ཆོར
ཆེབ	ཆེབ
དཀྲུ	དཀྲུ
རུད	རུད
འཁྱ	འཁྱ
ཡེན	ཡེན
རྣོ	རྣོ
ཤིག	ཤིག
ནོང	ནོང
ཝིན	ཝིན
ཆུང	ཆུང
ཞོར	ཞོར
ཚིའ	ཚིའ
ལྔོ	ལྔོ
དོལ	དོལ
དན	དན
ལྗས	ལྗས
བལྡོ	བལྡོ
རྒུན	རྒུན
ཤིང	ཤིང
ཐྲོ	ཐྲོ
སྒྱུ	སྒྱུ
གིམ	གིམ
ལྟན	ལྟན
ལེམ	ལེམ
རྡར	རྡར
ལྷིར	ལྷིར
བླ	བླ
རྫུ	རྫུ
ལྐེད	ལྐེད
པས	པས
ཞལ	ཞལ
ཇུན	ཇུན
རྒུལ	རྒུལ
ཕིའ	ཕིའ
ཉེ	ཉེ
སྐྲུ	སྐྲུ
ཙིས	ཙིས
ཤེང	ཤེང
བརྐྱོ	བརྐྱོ
གླ	གླ
བརྙུ	བརྙུ
རྟེམ	རྟེམ
འཚ	འཚ
བིའ	བིའ
རོམ	རོམ
བི	བི
ཏེ	ཏེ
ཡིང	ཡིང
རྣིབ	རྣིབ
མགྱེ	མགྱེ
སད	སད
གཡི	གཡི
རྫུན	རྫུན
ཞུ	ཞུ
མོན	མོན
ལྡའ	ལྡའ
ལྤིང	ལྤིང
ཉན	ཉན
རྟུམ	རྟུམ
སིར	སིར
འཁྱེ	འཁྱེ
རྒོང	རྒོང
འུའ	འུའ
བརྐྱི	བརྐྱི
ཨུར	ཨུར
ཚུར	ཚུར
ནིབ	ནིབ
བཀྱུ	བཀྱུ
རྙུན	རྙུན
ཙུས	ཙུས
རྔུས	རྔུས
ལྟིས	ལྟིས
བསྙ	བསྙ
རྡོལ	རྡོལ
དཔྲ	དཔྲ
རྦོམ	རྦོམ
རྔིབ	རྔིབ
ཨུད	ཨུད
རྗེད	རྗེད
རྟུས	རྟུས
རྒོལ	རྒོལ
ལྒེ	ལྒེ
ཉུས	ཉུས
འཕྲ	འཕྲ
ནེག	ནེག
ཇོད	ཇོད
ལྗེད	ལྗེད
འཚེ	འཚེ
རྨུས	རྨུས
སྟོ	སྟོ
འལ	འལ
ལྒག	ལྒག
བཅེ	བཅེ
ཡིའ།	ཡིའ།
ཕྲོ	ཕྲོ
ཟིའ	ཟིའ
ཇག	ཇག
ཚལ	ཚལ
སྔི	སྔི
དུས	དུས
ཚོལ	ཚོལ
བེང	བེང
རྟུ	རྟུ
ཝུག	ཝུག
ཁུམ	ཁུམ
ཟུང	ཟུང
ཏད	ཏད
ལྕའ	ལྕའ
ཕལ	ཕལ
ལྡིག	ལྡིག
ཅུད	ཅུད
ཉེལ	ཉེལ
རྣད	རྣད
ཕྲི	ཕྲི
གཅེ	གཅེ
བརྐ	བརྐ
འཐེ	འཐེ
རྔོད	རྔོད
ཐིད	ཐིད
རྒུང	རྒུང
རྫུམ	རྫུམ
གོལ	གོལ
གྲ	གྲ
ཇུབ	ཇུབ
རྗིས	རྗིས
སྣུ	སྣུ
རྡུ	རྡུ
སྐ	སྐ
རྨོར	རྨོར
སྐོ	སྐོ
ཟོའ	ཟོའ
རྟིས	རྟིས
རྫེབ	རྫེབ
ཇིར	ཇིར
ཕུམ	ཕུམ
བལྡི	བལྡི
ལྤད	ལྤད
ཡོང	ཡོང
པུར	པུར
རྟིབ	རྟིབ
ཐེར	ཐེར
འི	འི
ཏོང	ཏོང
རྔེམ	རྔེམ
དུང	དུང
འཕྲོ	འཕྲོ
མེད	མེད
བརྫོ	བརྫོ
བསྐྱི	བསྐྱི
དུག	དུག
ཕེ	ཕེ
རྣང	རྣང
འབྱུ	འབྱུ
གཞ	གཞ
གིད	གིད
ལྕེད	ལྕེད
ལེལ	ལེལ
རྨིན	རྨིན
པེས	པེས
རྗག	རྗག
ཨོང	ཨོང
རྫོས	རྫོས
རེབ	རེབ
ཨོའ	ཨོའ
རྒེག	རྒེག
རྫིས	རྫིས
བེའ	བེའ
སམ	སམ
རྨོབ	རྨོབ
ཕྱི	ཕྱི
རྗུང	རྗུང
གཅོ	གཅོ
ངོས	ངོས
ཅབ	ཅབ
ཧོང	ཧོང
བརྙེ	བརྙེ
ཀྱེ	ཀྱེ
བསྡུ	བསྡུ
རྐོས	རྐོས
སྣྲོ	སྣྲོ
འཁོ	འཁོ
ལྟད	ལྟད
ཐུད	ཐུད
པོའ	པོའ
བུག	བུག
ཇེག	ཇེག
ལྐས	ལྐས
ཀྲོ	ཀྲོ
མགུ	མགུ
ཕབ	ཕབ
ཙིབ	ཙིབ
ལྔིལ	ལྔིལ
ནོན	ནོན
ལྕེན	ལྕེན
ལྔིག	ལྔིག
ཛང	ཛང
གཟི	གཟི
གོམ	གོམ
འོ	འོ
སྨྱེ	སྨྱེ
རྨན	རྨན
རེར	རེར
ཕེག	ཕེག
དཔྱུ	དཔྱུ
ཇེང	ཇེང
ཇོམ	ཇོམ
ཁྱེ	ཁྱེ
ཆིལ	ཆིལ
ཕས	ཕས
ཟར	ཟར
སུད	སུད
འདྲ	འདྲ
ལས	ལས
བསྣ	བསྣ
ཅམ	ཅམ
ལྦར	ལྦར
ཤེལ	ཤེལ
དབྱུ	དབྱུ
འཆོ	འཆོ
སྦྱི	སྦྱི
དཔྲེ	དཔྲེ
ཕྱོ	ཕྱོ
གེས	གེས
རྟེལ	རྟེལ
དབུ	དབུ
བརྒུ	བརྒུ
ཙུད	ཙུད
ཛག	ཛག
སྦྱ	སྦྱ
དགེ	དགེ
ལྒོ	ལྒོ
ཀུ	ཀུ
གོའ	གོའ
ངིན	ངིན
རྔུལ	རྔུལ
ཐིལ	ཐིལ
ལྡན	ལྡན
རྨིང	རྨིང
ཕུང	ཕུང
ཐོའ	ཐོའ
དཔྱི	དཔྱི
ཆེང	ཆེང
ཚེན	ཚེན
ཙོས	ཙོས
ཙུ	ཙུ
ཆིབ	ཆིབ
པོག	པོག
ཏིན	ཏིན
བརླུ	བརླུ
ཝུར	ཝུར
ལྕི	ལྕི
ཞེང	ཞེང
ལྐུན	ལྐུན
ཀུམ	ཀུམ
གི	གི
བརྒྱ	བརྒྱ
ལྔིན	ལྔིན
བསྒྱི	བསྒྱི
རྔུར	རྔུར
དིའ	དིའ
རྐྱུ	རྐྱུ
འཛོ	འཛོ
པལ	པལ
རྒེང	རྒེང
ལྷུ	ལྷུ
ཡོའ	ཡོའ
པུལ	པུལ
ནིང	ནིང
ལྦེད	ལྦེད
ངེབ	ངེབ
བསྲི	བསྲི
ཆུན	ཆུན
མཛ	མཛ
རྡེན	རྡེན
སིའ	སིའ
མཐི	མཐི
སོར	སོར
ཞའ	ཞའ
ངེག	ངེག
ཤེ	ཤེ
འཁྱི	འཁྱི
དམྲུ	དམྲུ
རྙེས	རྙེས
བརྙོ	བརྙོ
རྐུད	རྐུད
ལྷ	ལྷ
ཅའ	ཅའ
རྙིབ	རྙིབ
ཇི	ཇི
འབྱེ	འབྱེ
ལྐུག	ལྐུག
མདི	མདི
ཀུབ	ཀུབ
ལྦིན	ལྦིན
འཆེ	འཆེ
བམ	བམ
ཞོག	ཞོག
མཇི	མཇི
རྐན	རྐན
གཙི	གཙི
སྡུ	སྡུ
རྟོའ	རྟོའ
འེད	འེད
བསྒྱོ	བསྒྱོ
ཙའ	ཙའ
ཇེན	ཇེན
དཀྱི	དཀྱི
ལྷལ	ལྷལ
ཙོའ	ཙོའ
ཕོག	ཕོག
ཕོང	ཕོང
རྩུའ	རྩུའ
བཙོ	བཙོ
ཝོལ	ཝོལ
ཡོག	ཡོག
རྫའ	རྫའ
ཁྱ	ཁྱ
སྤྱུ	སྤྱུ
འཁེ	འཁེ
མཁྲེ	མཁྲེ
ལྡུར	ལྡུར
ཕིང	ཕིང
ལྦང	ལྦང
ཕོམ	ཕོམ
སྟུ	སྟུ
ལྦིག	ལྦིག
ཀུང	ཀུང
ཇུ	ཇུ
ཆུའ	ཆུའ
ཕིམ	ཕིམ
ཙོང	ཙོང
ལྟུའ	ལྟུའ
ཧེམ	ཧེམ
ཧེད	ཧེད
དར	དར
ཏུ	ཏུ
རྔུ	རྔུ
རྫིབ	རྫིབ
རྟེར	རྟེར
ཝེབ	ཝེབ
ཟེལ	ཟེལ
ལྷུས	ལྷུས
དངུ	དངུ
ཧིབ	ཧིབ
ཞིར	ཞིར
འཕེ	འཕེ
ཨོད	ཨོད
གུས	གུས
ཇེས	ཇེས
རྙེལ	རྙེལ
ཧྭ	ཧྭ
ཞིམ	ཞིམ
གནོ	གནོ
གིང	གིང
ཤུར	ཤུར
སྤྲེ	སྤྲེ
ཁོང	ཁོང
འོད	འོད
རྐེམ	རྐེམ
ལྒུམ	ལྒུམ
བགྱེ	བགྱེ
སིམ	སིམ
རམ	རམ
རྣུན	རྣུན
ཟེག	ཟེག
ལྦིའ	ལྦིའ
རྙས	རྙས
ལྒར	ལྒར
ཕེབ	ཕེབ
ལྷད	ལྷད
རུན	རུན
ལིན	ལིན
ཧང	ཧང
ལྤན	ལྤན
བཟ	བཟ
ཇུས	ཇུས
རྙིད	རྙིད
བསྟ	བསྟ
ཞོང	ཞོང
ཟིན	ཟིན
ལྦེབ	ལྦེབ
ཉོང	ཉོང
འོས	འོས
ཚམ	ཚམ
རྡུས	རྡུས
ཀོའ	ཀོའ
ནེ	ནེ
རྐུས	རྐུས
བལྡུ	བལྡུ
རྔེང	རྔེང
ཚོག	ཚོག
ནོབ	ནོབ
ཝིལ	ཝིལ
ཙས	ཙས
ཕོའ	ཕོའ
རྡོབ	རྡོབ
མུམ	མུམ
རྨིར	རྨིར
བསྒྱུ	བསྒྱུ
ཧིང	ཧིང
དངེ	དངེ
བཅོ	བཅོ
རྒོབ	རྒོབ
དགི	དགི
རྩལ	རྩལ
མིབ	མིབ
ཛིར	ཛིར
ཝད	ཝད
ནུལ	ནུལ
ཀོན	ཀོན
ངིར	ངིར
རུང	རུང
དོག	དོག
རྫུར	རྫུར
རྡལ	རྡལ
ཨིས	ཨིས
པྲ	པྲ
བསྐྱུ	བསྐྱུ
རྟོ	རྟོ
རྔ	རྔ
སྐེ	སྐེ
མོམ	མོམ
འུང	འུང
རྩེམ	རྩེམ
ལྐད	ལྐད
རྣིད	རྣིད
ཆན	ཆན
ཝོད	ཝོད
ཝུད	ཝུད
འདི	འདི
རྐུང	རྐུང
མཇེ	མཇེ
སོ	སོ
བེར	བེར
མགྱ	མགྱ
ཏན	ཏན
རྟིམ	རྟིམ
རྨྱ	རྨྱ
ལྐེང	ལྐེང
དཀྲེ	དཀྲེ
ལྡུང	ལྡུང
བསྒོ	བསྒོ
དབོ	དབོ
ངི	ངི
དམྱ	དམྱ
ལྗིབ	ལྗིབ
ལྦམ	ལྦམ
རྐིའ	རྐིའ
ཤོམ	ཤོམ
རྗད	རྗད
ཆིམ	ཆིམ
ཧིས	ཧིས
རྩེ	རྩེ
བཀེ	བཀེ
ཏུབ	ཏུབ
རྦུག	རྦུག
ལྷེབ	ལྷེབ
ཧེག	ཧེག
དཀྲི	དཀྲི
རྣུབ	རྣུབ
ཇུང	ཇུང
ཝིའ	ཝིའ
དོད	དོད
གེའ	གེའ
སྦྲེ	སྦྲེ
ཉུན	ཉུན
རྨོའ	རྨོའ
ལྔུམ	ལྔུམ
ཧོན	ཧོན
གསི	གསི
རྭ	རྭ
ཕུའ	ཕུའ
ཇིབ	ཇིབ
ལྐིའ	ལྐིའ
ཞར	ཞར
རྩོ	རྩོ
ཕོས	ཕོས
སྣྲི	སྣྲི
བཀྱ	བཀྱ
ཡོས	ཡོས
ཝོན	ཝོན
ཟུབ	ཟུབ
རོའ	རོའ
རྙེད	རྙེད
ལྒིད	ལྒིད
སྨྲ	སྨྲ
ཁོ	ཁོ
རྐོར	རྐོར
ཤུབ	ཤུབ
རྣབ	རྣབ
སྨྲུ	སྨྲུ
ལྷིལ	ལྷིལ
རྨེང	རྨེང
ཡིར	ཡིར
ཆོད	ཆོད
ལྕུས	ལྕུས
ཞེབ	ཞེབ
སྣེ	སྣེ
ཆོང	ཆོང
ནུས	ནུས
ལྡེའ	ལྡེའ
མོང	མོང
ཁྲེ	ཁྲེ
ལྔེད	ལྔེད
རྐེར	རྐེར
རྟོད	རྟོད
སྦྱུ	སྦྱུ
རེད	རེད
ལྟིབ	ལྟིབ
ལྤིག	ལྤིག
འདྲེ	འདྲེ
མན	མན
རྔེད	རྔེད
ལྗག	ལྗག
ཝམ	ཝམ
ཡུན	ཡུན
ལྗིའ	ལྗིའ
རྩིན	རྩིན
དེ	དེ
རྟིང	རྟིང
རྦེན	རྦེན
ཛེན	ཛེན
ཤོའ	ཤོའ
རྨེན	རྨེན
བཀླ	བཀླ
རོས	རོས
ཚུལ	ཚུལ
འགོ	འགོ
པོམ	པོམ
ཞིལ	ཞིལ
ལྔེ	ལྔེ
རྨོམ	རྨོམ
མནུ	མནུ
དབྲོ	དབྲོ
ལྦིམ	ལྦིམ
ཅར	ཅར
ལིག	ལིག
དམྱུ	དམྱུ
ཡལ	ཡལ
རྡིག	རྡིག
རེང	རེང
ཝི	ཝི
བརྟོ	བརྟོ
མགྲེ	མགྲེ
ལྷོ	ལྷོ
རྣུད	རྣུད
རག	རག
དཀེ	དཀེ
ལྦིར	ལྦིར
བད	བད
མེར	མེར
ལིའ	ལིའ
ཝོམ	ཝོམ
མར	མར
ལྤར	ལྤར
འིམ	འིམ
ཐེན	ཐེན
རྫིམ	རྫིམ
ལྔང	ལྔང
རྫེང	རྫེང
ཤོག	ཤོག
བཟློ	བཟློ
མཚུ	མཚུ
ལྷབ	ལྷབ
ནེས	ནེས
འུབ	འུབ
རྣེར	རྣེར
ལྟིན	ལྟིན
རྣེག	རྣེག
ལྐུའ	ལྐུའ
རྫབ	རྫབ
ཙམ	ཙམ
རྨག	རྨག
ལྡུབ	ལྡུབ
རྙེར	རྙེར
རྔེལ	རྔེལ
ཁེམ	ཁེམ
ཏུང	ཏུང
བོས	བོས
རྐོལ	རྐོལ
བས	བས
མེམ	མེམ
ཤིམ	ཤིམ
བོའ	བོའ
